price_azn,property_type,district,metro_near,area_m2,rooms,floor,total_floors,building_age,repair_quality,has_elevator,has_parking,distance_center_km
145000,apartment,Yasamal,yes,65,2,5,16,8,good,yes,yes,3.8
220000,apartment,Nasimi,yes,82,3,9,18,5,excellent,yes,yes,2.1
98000,apartment,Binagadi,no,55,2,3,9,22,average,no,no,8.7
310000,apartment,Sabail,yes,95,3,7,12,3,excellent,yes,yes,1.4
75000,apartment,Surakhani,no,48,2,2,5,35,needs_repair,no,no,13.5
185000,apartment,Narimanov,yes,72,2,10,17,6,good,yes,yes,3.2
120000,apartment,Khatai,yes,60,2,6,16,12,average,yes,no,5.1
420000,house,Sabail,no,160,5,1,2,15,excellent,no,yes,2.7
138000,apartment,Nizami,yes,68,3,4,9,18,good,no,no,6.4
91000,apartment,Garadagh,no,58,2,1,5,28,average,no,yes,17.9
265000,apartment,Narimanov,yes,105,4,11,16,4,excellent,yes,yes,3.0
158000,apartment,Yasamal,yes,70,3,8,16,9,good,yes,no,4.2
69000,apartment,Absheron,no,52,2,4,7,20,needs_repair,no,no,18.4
198000,apartment,Khatai,yes,86,3,12,18,7,good,yes,yes,4.7
540000,house,Khazar,no,220,6,1,2,10,excellent,no,yes,19.5
112000,apartment,Binagadi,no,64,3,6,9,24,average,no,no,9.2
330000,apartment,Nasimi,yes,120,4,13,20,2,excellent,yes,yes,2.4
87000,apartment,Surakhani,no,55,2,5,9,26,average,no,no,12.2
174000,apartment,Nizami,yes,78,3,7,16,11,good,yes,yes,6.0
245000,apartment,Yasamal,yes,92,3,14,17,4,excellent,yes,yes,3.6
760000,house,Sabail,no,280,7,1,3,6,excellent,no,yes,1.8
102000,apartment,Khatai,no,57,2,3,9,30,average,no,no,7.5
135000,apartment,Narimanov,yes,62,2,2,5,40,good,no,no,3.9
52000,apartment,Garadagh,no,42,1,2,5,33,needs_repair,no,no,20.1
295000,apartment,Nasimi,yes,98,3,15,18,3,excellent,yes,yes,2.6
215000,apartment,Sabail,yes,74,2,6,9,14,good,no,yes,1.9
118000,apartment,Nizami,yes,61,2,9,16,16,average,yes,no,6.9
390000,house,Yasamal,no,155,5,1,2,18,good,no,yes,5.4
93000,apartment,Absheron,no,70,3,5,9,12,average,yes,no,16.7
168000,apartment,Binagadi,yes,82,3,10,16,7,good,yes,yes,7.8
255000,apartment,Narimanov,yes,88,3,5,12,6,excellent,yes,yes,2.8
64000,apartment,Surakhani,no,46,1,1,5,38,needs_repair,no,no,14.1
149000,apartment,Yasamal,no,77,3,4,9,19,good,no,no,5.6
205000,apartment,Khatai,yes,90,3,16,18,5,good,yes,yes,4.3
360000,apartment,Sabail,yes,110,4,8,12,4,excellent,yes,yes,1.2
126000,apartment,Nizami,no,73,3,6,9,21,average,no,yes,7.3
570000,house,Narimanov,no,210,6,1,3,12,excellent,no,yes,4.1
82000,apartment,Garadagh,no,62,2,4,7,25,average,no,no,18.8
189000,apartment,Nasimi,yes,76,2,10,17,8,good,yes,yes,2.9
232000,apartment,Yasamal,yes,89,3,11,16,6,excellent,yes,yes,3.4
107000,apartment,Binagadi,no,67,3,5,9,23,average,no,no,9.9
460000,house,Khatai,no,180,5,1,2,14,good,no,yes,6.2
71000,apartment,Absheron,no,50,2,3,5,29,needs_repair,no,no,17.6
155000,apartment,Nizami,yes,69,3,8,16,13,good,yes,no,6.1
275000,apartment,Narimanov,yes,101,4,12,18,5,excellent,yes,yes,3.3
340000,apartment,Sabail,yes,102,3,5,9,7,excellent,yes,yes,1.6
99000,apartment,Surakhani,no,63,3,6,9,24,average,no,no,12.8
176000,apartment,Khatai,yes,79,3,7,16,9,good,yes,yes,5.0
125000,apartment,Yasamal,no,58,2,3,5,32,average,no,no,5.9
615000,house,Sabail,no,240,6,1,2,9,excellent,no,yes,2.2
142000,apartment,Binagadi,yes,75,3,9,16,10,good,yes,no,8.1
225000,apartment,Nasimi,yes,84,3,6,14,6,excellent,yes,yes,2.0
68000,apartment,Garadagh,no,49,1,2,5,36,needs_repair,no,no,19.3
194000,apartment,Narimanov,yes,73,2,4,9,17,good,no,yes,3.7
258000,apartment,Khatai,yes,108,4,14,18,6,good,yes,yes,4.8
84500,apartment,Absheron,no,57,2,4,7,22,average,no,no,16.9
405000,house,Yasamal,no,170,5,1,3,11,excellent,no,yes,4.9
152000,apartment,Nizami,yes,72,3,10,16,14,good,yes,no,6.7
322000,apartment,Nasimi,yes,115,4,16,20,3,excellent,yes,yes,2.5
58000,apartment,Surakhani,no,44,1,1,5,40,needs_repair,no,no,14.8
285000,apartment,Sabail,yes,88,2,7,12,5,excellent,yes,yes,1.3
133000,apartment,Binagadi,no,79,3,7,9,20,average,no,yes,9.5
238000,apartment,Yasamal,yes,96,4,13,17,7,good,yes,yes,3.9
480000,house,Narimanov,no,190,5,1,2,16,good,no,yes,4.4
101000,apartment,Nizami,no,59,2,2,5,31,average,no,no,7.7
167000,apartment,Khatai,yes,74,2,11,16,8,good,yes,yes,5.3
208000,apartment,Nasimi,yes,80,2,8,16,9,good,yes,yes,2.7
735000,house,Sabail,no,265,7,1,3,5,excellent,no,yes,1.7
119000,apartment,Absheron,no,82,3,6,9,11,average,yes,no,16.0
156000,apartment,Binagadi,yes,78,3,12,16,8,good,yes,yes,8.4
247000,apartment,Narimanov,yes,91,3,9,17,7,excellent,yes,yes,3.1
88000,apartment,Garadagh,no,66,3,5,9,27,average,no,no,18.2
199000,apartment,Yasamal,yes,83,3,6,12,10,good,yes,yes,4.1
304000,apartment,Khatai,yes,116,4,15,18,4,excellent,yes,yes,4.4
73000,apartment,Surakhani,no,51,2,3,5,34,needs_repair,no,no,13.9
346000,apartment,Sabail,yes,108,3,10,14,6,excellent,yes,yes,1.5
128000,apartment,Nizami,no,69,3,4,9,23,average,no,no,7.1
525000,house,Khazar,no,230,6,1,2,13,good,no,yes,20.2
172000,apartment,Narimanov,yes,68,2,5,9,18,good,no,no,3.6
262000,apartment,Nasimi,yes,93,3,11,18,5,excellent,yes,yes,2.3
94000,apartment,Absheron,no,64,2,5,7,19,average,no,no,17.1
214000,apartment,Yasamal,yes,87,3,12,16,7,good,yes,yes,3.7
